Email,First Name,Last Name
rahul.1@inbox.testmail.app,Test,User 1
rahul.2@inbox.testmail.app,Test,User 2
rahul.3@inbox.testmail.app,Test,User 3
rahul.4@inbox.testmail.app,Test,User 4
rahul.5@inbox.testmail.app,Test,User 5
rahul.6@inbox.testmail.app,Test,User 6
rahul.7@inbox.testmail.app,Test,User 7
rahul.8@inbox.testmail.app,Test,User 8
rahul.9@inbox.testmail.app,Test,User 9
rahul.10@inbox.testmail.app,Test,User 10
rahul.11@inbox.testmail.app,Test,User 11
rahul.12@inbox.testmail.app,Test,User 12
rahul.13@inbox.testmail.app,Test,User 13
rahul.14@inbox.testmail.app,Test,User 14
rahul.15@inbox.testmail.app,Test,User 15
rahul.16@inbox.testmail.app,Test,User 16
rahul.17@inbox.testmail.app,Test,User 17
rahul.18@inbox.testmail.app,Test,User 18
rahul.19@inbox.testmail.app,Test,User 19
rahul.20@inbox.testmail.app,Test,User 20
rahul.21@inbox.testmail.app,Test,User 21
rahul.22@inbox.testmail.app,Test,User 22
rahul.23@inbox.testmail.app,Test,User 23
rahul.24@inbox.testmail.app,Test,User 24
rahul.25@inbox.testmail.app,Test,User 25
rahul.26@inbox.testmail.app,Test,User 26
rahul.27@inbox.testmail.app,Test,User 27
rahul.28@inbox.testmail.app,Test,User 28
rahul.29@inbox.testmail.app,Test,User 29
rahul.30@inbox.testmail.app,Test,User 30
rahul.31@inbox.testmail.app,Test,User 31
rahul.32@inbox.testmail.app,Test,User 32
rahul.33@inbox.testmail.app,Test,User 33
rahul.34@inbox.testmail.app,Test,User 34
rahul.35@inbox.testmail.app,Test,User 35
rahul.36@inbox.testmail.app,Test,User 36
rahul.37@inbox.testmail.app,Test,User 37
rahul.38@inbox.testmail.app,Test,User 38
rahul.39@inbox.testmail.app,Test,User 39
rahul.40@inbox.testmail.app,Test,User 40
rahul.41@inbox.testmail.app,Test,User 41
rahul.42@inbox.testmail.app,Test,User 42
rahul.43@inbox.testmail.app,Test,User 43
rahul.44@inbox.testmail.app,Test,User 44
rahul.45@inbox.testmail.app,Test,User 45
rahul.46@inbox.testmail.app,Test,User 46
rahul.47@inbox.testmail.app,Test,User 47
rahul.48@inbox.testmail.app,Test,User 48
rahul.49@inbox.testmail.app,Test,User 49
rahul.50@inbox.testmail.app,Test,User 50
rahul.51@inbox.testmail.app,Test,User 51
rahul.52@inbox.testmail.app,Test,User 52
rahul.53@inbox.testmail.app,Test,User 53
rahul.54@inbox.testmail.app,Test,User 54
rahul.55@inbox.testmail.app,Test,User 55
rahul.56@inbox.testmail.app,Test,User 56
rahul.57@inbox.testmail.app,Test,User 57
rahul.58@inbox.testmail.app,Test,User 58
rahul.59@inbox.testmail.app,Test,User 59
rahul.60@inbox.testmail.app,Test,User 60
rahul.61@inbox.testmail.app,Test,User 61
rahul.62@inbox.testmail.app,Test,User 62
rahul.63@inbox.testmail.app,Test,User 63
rahul.64@inbox.testmail.app,Test,User 64
rahul.65@inbox.testmail.app,Test,User 65
rahul.66@inbox.testmail.app,Test,User 66
rahul.67@inbox.testmail.app,Test,User 67
rahul.68@inbox.testmail.app,Test,User 68
rahul.69@inbox.testmail.app,Test,User 69
rahul.70@inbox.testmail.app,Test,User 70
rahul.71@inbox.testmail.app,Test,User 71
rahul.72@inbox.testmail.app,Test,User 72
rahul.73@inbox.testmail.app,Test,User 73
rahul.74@inbox.testmail.app,Test,User 74
rahul.75@inbox.testmail.app,Test,User 75
rahul.76@inbox.testmail.app,Test,User 76
rahul.77@inbox.testmail.app,Test,User 77
rahul.78@inbox.testmail.app,Test,User 78
rahul.79@inbox.testmail.app,Test,User 79
rahul.80@inbox.testmail.app,Test,User 80
rahul.81@inbox.testmail.app,Test,User 81
rahul.82@inbox.testmail.app,Test,User 82
rahul.83@inbox.testmail.app,Test,User 83
rahul.84@inbox.testmail.app,Test,User 84
rahul.85@inbox.testmail.app,Test,User 85
rahul.86@inbox.testmail.app,Test,User 86
rahul.87@inbox.testmail.app,Test,User 87
rahul.88@inbox.testmail.app,Test,User 88
rahul.89@inbox.testmail.app,Test,User 89
rahul.90@inbox.testmail.app,Test,User 90
rahul.91@inbox.testmail.app,Test,User 91
rahul.92@inbox.testmail.app,Test,User 92
rahul.93@inbox.testmail.app,Test,User 93
rahul.94@inbox.testmail.app,Test,User 94
rahul.95@inbox.testmail.app,Test,User 95
rahul.96@inbox.testmail.app,Test,User 96
rahul.97@inbox.testmail.app,Test,User 97
rahul.98@inbox.testmail.app,Test,User 98
rahul.99@inbox.testmail.app,Test,User 99
rahul.100@inbox.testmail.app,Test,User 100
rahul.101@inbox.testmail.app,Test,User 101
rahul.102@inbox.testmail.app,Test,User 102
rahul.103@inbox.testmail.app,Test,User 103
rahul.104@inbox.testmail.app,Test,User 104
rahul.105@inbox.testmail.app,Test,User 105
rahul.106@inbox.testmail.app,Test,User 106
rahul.107@inbox.testmail.app,Test,User 107
rahul.108@inbox.testmail.app,Test,User 108
rahul.109@inbox.testmail.app,Test,User 109
rahul.110@inbox.testmail.app,Test,User 110
rahul.111@inbox.testmail.app,Test,User 111
rahul.112@inbox.testmail.app,Test,User 112
rahul.113@inbox.testmail.app,Test,User 113
rahul.114@inbox.testmail.app,Test,User 114
rahul.115@inbox.testmail.app,Test,User 115
rahul.116@inbox.testmail.app,Test,User 116
rahul.117@inbox.testmail.app,Test,User 117
rahul.118@inbox.testmail.app,Test,User 118
rahul.119@inbox.testmail.app,Test,User 119
rahul.120@inbox.testmail.app,Test,User 120
rahul.121@inbox.testmail.app,Test,User 121
rahul.122@inbox.testmail.app,Test,User 122
rahul.123@inbox.testmail.app,Test,User 123
rahul.124@inbox.testmail.app,Test,User 124
rahul.125@inbox.testmail.app,Test,User 125
rahul.126@inbox.testmail.app,Test,User 126
rahul.127@inbox.testmail.app,Test,User 127
rahul.128@inbox.testmail.app,Test,User 128
rahul.129@inbox.testmail.app,Test,User 129
rahul.130@inbox.testmail.app,Test,User 130
rahul.131@inbox.testmail.app,Test,User 131
rahul.132@inbox.testmail.app,Test,User 132
rahul.133@inbox.testmail.app,Test,User 133
rahul.134@inbox.testmail.app,Test,User 134
rahul.135@inbox.testmail.app,Test,User 135
rahul.136@inbox.testmail.app,Test,User 136
rahul.137@inbox.testmail.app,Test,User 137
rahul.138@inbox.testmail.app,Test,User 138
rahul.139@inbox.testmail.app,Test,User 139
rahul.140@inbox.testmail.app,Test,User 140
rahul.141@inbox.testmail.app,Test,User 141
rahul.142@inbox.testmail.app,Test,User 142
rahul.143@inbox.testmail.app,Test,User 143
rahul.144@inbox.testmail.app,Test,User 144
rahul.145@inbox.testmail.app,Test,User 145
rahul.146@inbox.testmail.app,Test,User 146
rahul.147@inbox.testmail.app,Test,User 147
rahul.148@inbox.testmail.app,Test,User 148
rahul.149@inbox.testmail.app,Test,User 149
rahul.150@inbox.testmail.app,Test,User 150
rahul.151@inbox.testmail.app,Test,User 151
rahul.152@inbox.testmail.app,Test,User 152
rahul.153@inbox.testmail.app,Test,User 153
rahul.154@inbox.testmail.app,Test,User 154
rahul.155@inbox.testmail.app,Test,User 155
rahul.156@inbox.testmail.app,Test,User 156
rahul.157@inbox.testmail.app,Test,User 157
rahul.158@inbox.testmail.app,Test,User 158
rahul.159@inbox.testmail.app,Test,User 159
rahul.160@inbox.testmail.app,Test,User 160
rahul.161@inbox.testmail.app,Test,User 161
rahul.162@inbox.testmail.app,Test,User 162
rahul.163@inbox.testmail.app,Test,User 163
rahul.164@inbox.testmail.app,Test,User 164
rahul.165@inbox.testmail.app,Test,User 165
rahul.166@inbox.testmail.app,Test,User 166
rahul.167@inbox.testmail.app,Test,User 167
rahul.168@inbox.testmail.app,Test,User 168
rahul.169@inbox.testmail.app,Test,User 169
rahul.170@inbox.testmail.app,Test,User 170
rahul.171@inbox.testmail.app,Test,User 171
rahul.172@inbox.testmail.app,Test,User 172
rahul.173@inbox.testmail.app,Test,User 173
rahul.174@inbox.testmail.app,Test,User 174
rahul.175@inbox.testmail.app,Test,User 175
rahul.176@inbox.testmail.app,Test,User 176
rahul.177@inbox.testmail.app,Test,User 177
rahul.178@inbox.testmail.app,Test,User 178
rahul.179@inbox.testmail.app,Test,User 179
rahul.180@inbox.testmail.app,Test,User 180
rahul.181@inbox.testmail.app,Test,User 181
rahul.182@inbox.testmail.app,Test,User 182
rahul.183@inbox.testmail.app,Test,User 183
rahul.184@inbox.testmail.app,Test,User 184
rahul.185@inbox.testmail.app,Test,User 185
rahul.186@inbox.testmail.app,Test,User 186
rahul.187@inbox.testmail.app,Test,User 187
rahul.188@inbox.testmail.app,Test,User 188
rahul.189@inbox.testmail.app,Test,User 189
rahul.190@inbox.testmail.app,Test,User 190
rahul.191@inbox.testmail.app,Test,User 191
rahul.192@inbox.testmail.app,Test,User 192
rahul.193@inbox.testmail.app,Test,User 193
rahul.194@inbox.testmail.app,Test,User 194
rahul.195@inbox.testmail.app,Test,User 195
rahul.196@inbox.testmail.app,Test,User 196
rahul.197@inbox.testmail.app,Test,User 197
rahul.198@inbox.testmail.app,Test,User 198
rahul.199@inbox.testmail.app,Test,User 199
rahul.200@inbox.testmail.app,Test,User 200
rahul.201@inbox.testmail.app,Test,User 201
rahul.202@inbox.testmail.app,Test,User 202
rahul.203@inbox.testmail.app,Test,User 203
rahul.204@inbox.testmail.app,Test,User 204
rahul.205@inbox.testmail.app,Test,User 205
rahul.206@inbox.testmail.app,Test,User 206
rahul.207@inbox.testmail.app,Test,User 207
rahul.208@inbox.testmail.app,Test,User 208
rahul.209@inbox.testmail.app,Test,User 209
rahul.210@inbox.testmail.app,Test,User 210
rahul.211@inbox.testmail.app,Test,User 211
rahul.212@inbox.testmail.app,Test,User 212
rahul.213@inbox.testmail.app,Test,User 213
rahul.214@inbox.testmail.app,Test,User 214
rahul.215@inbox.testmail.app,Test,User 215
rahul.216@inbox.testmail.app,Test,User 216
rahul.217@inbox.testmail.app,Test,User 217
rahul.218@inbox.testmail.app,Test,User 218
rahul.219@inbox.testmail.app,Test,User 219
rahul.220@inbox.testmail.app,Test,User 220
rahul.221@inbox.testmail.app,Test,User 221
rahul.222@inbox.testmail.app,Test,User 222
rahul.223@inbox.testmail.app,Test,User 223
rahul.224@inbox.testmail.app,Test,User 224
rahul.225@inbox.testmail.app,Test,User 225
rahul.226@inbox.testmail.app,Test,User 226
rahul.227@inbox.testmail.app,Test,User 227
rahul.228@inbox.testmail.app,Test,User 228
rahul.229@inbox.testmail.app,Test,User 229
rahul.230@inbox.testmail.app,Test,User 230
rahul.231@inbox.testmail.app,Test,User 231
rahul.232@inbox.testmail.app,Test,User 232
rahul.233@inbox.testmail.app,Test,User 233
rahul.234@inbox.testmail.app,Test,User 234
rahul.235@inbox.testmail.app,Test,User 235
rahul.236@inbox.testmail.app,Test,User 236
rahul.237@inbox.testmail.app,Test,User 237
rahul.238@inbox.testmail.app,Test,User 238
rahul.239@inbox.testmail.app,Test,User 239
rahul.240@inbox.testmail.app,Test,User 240
rahul.241@inbox.testmail.app,Test,User 241
rahul.242@inbox.testmail.app,Test,User 242
rahul.243@inbox.testmail.app,Test,User 243
rahul.244@inbox.testmail.app,Test,User 244
rahul.245@inbox.testmail.app,Test,User 245
rahul.246@inbox.testmail.app,Test,User 246
rahul.247@inbox.testmail.app,Test,User 247
rahul.248@inbox.testmail.app,Test,User 248
rahul.249@inbox.testmail.app,Test,User 249
rahul.250@inbox.testmail.app,Test,User 250
rahul.251@inbox.testmail.app,Test,User 251
rahul.252@inbox.testmail.app,Test,User 252
rahul.253@inbox.testmail.app,Test,User 253
rahul.254@inbox.testmail.app,Test,User 254
rahul.255@inbox.testmail.app,Test,User 255
rahul.256@inbox.testmail.app,Test,User 256
rahul.257@inbox.testmail.app,Test,User 257
rahul.258@inbox.testmail.app,Test,User 258
rahul.259@inbox.testmail.app,Test,User 259
rahul.260@inbox.testmail.app,Test,User 260
rahul.261@inbox.testmail.app,Test,User 261
rahul.262@inbox.testmail.app,Test,User 262
rahul.263@inbox.testmail.app,Test,User 263
rahul.264@inbox.testmail.app,Test,User 264
rahul.265@inbox.testmail.app,Test,User 265
rahul.266@inbox.testmail.app,Test,User 266
rahul.267@inbox.testmail.app,Test,User 267
rahul.268@inbox.testmail.app,Test,User 268
rahul.269@inbox.testmail.app,Test,User 269
rahul.270@inbox.testmail.app,Test,User 270
rahul.271@inbox.testmail.app,Test,User 271
rahul.272@inbox.testmail.app,Test,User 272
rahul.273@inbox.testmail.app,Test,User 273
rahul.274@inbox.testmail.app,Test,User 274
rahul.275@inbox.testmail.app,Test,User 275
rahul.276@inbox.testmail.app,Test,User 276
rahul.277@inbox.testmail.app,Test,User 277
rahul.278@inbox.testmail.app,Test,User 278
rahul.279@inbox.testmail.app,Test,User 279
rahul.280@inbox.testmail.app,Test,User 280
rahul.281@inbox.testmail.app,Test,User 281
rahul.282@inbox.testmail.app,Test,User 282
rahul.283@inbox.testmail.app,Test,User 283
rahul.284@inbox.testmail.app,Test,User 284
rahul.285@inbox.testmail.app,Test,User 285
rahul.286@inbox.testmail.app,Test,User 286
rahul.287@inbox.testmail.app,Test,User 287
rahul.288@inbox.testmail.app,Test,User 288
rahul.289@inbox.testmail.app,Test,User 289
rahul.290@inbox.testmail.app,Test,User 290
rahul.291@inbox.testmail.app,Test,User 291
rahul.292@inbox.testmail.app,Test,User 292
rahul.293@inbox.testmail.app,Test,User 293
rahul.294@inbox.testmail.app,Test,User 294
rahul.295@inbox.testmail.app,Test,User 295
rahul.296@inbox.testmail.app,Test,User 296
rahul.297@inbox.testmail.app,Test,User 297
rahul.298@inbox.testmail.app,Test,User 298
rahul.299@inbox.testmail.app,Test,User 299
rahul.300@inbox.testmail.app,Test,User 300
rahul.301@inbox.testmail.app,Test,User 301
rahul.302@inbox.testmail.app,Test,User 302
rahul.303@inbox.testmail.app,Test,User 303
rahul.304@inbox.testmail.app,Test,User 304
rahul.305@inbox.testmail.app,Test,User 305
rahul.306@inbox.testmail.app,Test,User 306
rahul.307@inbox.testmail.app,Test,User 307
rahul.308@inbox.testmail.app,Test,User 308
rahul.309@inbox.testmail.app,Test,User 309
rahul.310@inbox.testmail.app,Test,User 310
rahul.311@inbox.testmail.app,Test,User 311
rahul.312@inbox.testmail.app,Test,User 312
rahul.313@inbox.testmail.app,Test,User 313
rahul.314@inbox.testmail.app,Test,User 314
rahul.315@inbox.testmail.app,Test,User 315
rahul.316@inbox.testmail.app,Test,User 316
rahul.317@inbox.testmail.app,Test,User 317
rahul.318@inbox.testmail.app,Test,User 318
rahul.319@inbox.testmail.app,Test,User 319
rahul.320@inbox.testmail.app,Test,User 320
rahul.321@inbox.testmail.app,Test,User 321
rahul.322@inbox.testmail.app,Test,User 322
rahul.323@inbox.testmail.app,Test,User 323
rahul.324@inbox.testmail.app,Test,User 324
rahul.325@inbox.testmail.app,Test,User 325
rahul.326@inbox.testmail.app,Test,User 326
rahul.327@inbox.testmail.app,Test,User 327
rahul.328@inbox.testmail.app,Test,User 328
rahul.329@inbox.testmail.app,Test,User 329
rahul.330@inbox.testmail.app,Test,User 330
rahul.331@inbox.testmail.app,Test,User 331
rahul.332@inbox.testmail.app,Test,User 332
rahul.333@inbox.testmail.app,Test,User 333
rahul.334@inbox.testmail.app,Test,User 334
rahul.335@inbox.testmail.app,Test,User 335
rahul.336@inbox.testmail.app,Test,User 336
rahul.337@inbox.testmail.app,Test,User 337
rahul.338@inbox.testmail.app,Test,User 338
rahul.339@inbox.testmail.app,Test,User 339
rahul.340@inbox.testmail.app,Test,User 340
rahul.341@inbox.testmail.app,Test,User 341
rahul.342@inbox.testmail.app,Test,User 342
rahul.343@inbox.testmail.app,Test,User 343
rahul.344@inbox.testmail.app,Test,User 344
rahul.345@inbox.testmail.app,Test,User 345
rahul.346@inbox.testmail.app,Test,User 346
rahul.347@inbox.testmail.app,Test,User 347
rahul.348@inbox.testmail.app,Test,User 348
rahul.349@inbox.testmail.app,Test,User 349
rahul.350@inbox.testmail.app,Test,User 350
rahul.351@inbox.testmail.app,Test,User 351
rahul.352@inbox.testmail.app,Test,User 352
rahul.353@inbox.testmail.app,Test,User 353
rahul.354@inbox.testmail.app,Test,User 354
rahul.355@inbox.testmail.app,Test,User 355
rahul.356@inbox.testmail.app,Test,User 356
rahul.357@inbox.testmail.app,Test,User 357
rahul.358@inbox.testmail.app,Test,User 358
rahul.359@inbox.testmail.app,Test,User 359
rahul.360@inbox.testmail.app,Test,User 360
rahul.361@inbox.testmail.app,Test,User 361
rahul.362@inbox.testmail.app,Test,User 362
rahul.363@inbox.testmail.app,Test,User 363
rahul.364@inbox.testmail.app,Test,User 364
rahul.365@inbox.testmail.app,Test,User 365
rahul.366@inbox.testmail.app,Test,User 366
rahul.367@inbox.testmail.app,Test,User 367
rahul.368@inbox.testmail.app,Test,User 368
rahul.369@inbox.testmail.app,Test,User 369
rahul.370@inbox.testmail.app,Test,User 370
rahul.371@inbox.testmail.app,Test,User 371
rahul.372@inbox.testmail.app,Test,User 372
rahul.373@inbox.testmail.app,Test,User 373
rahul.374@inbox.testmail.app,Test,User 374
rahul.375@inbox.testmail.app,Test,User 375
rahul.376@inbox.testmail.app,Test,User 376
rahul.377@inbox.testmail.app,Test,User 377
rahul.378@inbox.testmail.app,Test,User 378
rahul.379@inbox.testmail.app,Test,User 379
rahul.380@inbox.testmail.app,Test,User 380
rahul.381@inbox.testmail.app,Test,User 381
rahul.382@inbox.testmail.app,Test,User 382
rahul.383@inbox.testmail.app,Test,User 383
rahul.384@inbox.testmail.app,Test,User 384
rahul.385@inbox.testmail.app,Test,User 385
rahul.386@inbox.testmail.app,Test,User 386
rahul.387@inbox.testmail.app,Test,User 387
rahul.388@inbox.testmail.app,Test,User 388
rahul.389@inbox.testmail.app,Test,User 389
rahul.390@inbox.testmail.app,Test,User 390
rahul.391@inbox.testmail.app,Test,User 391
rahul.392@inbox.testmail.app,Test,User 392
rahul.393@inbox.testmail.app,Test,User 393
rahul.394@inbox.testmail.app,Test,User 394
rahul.395@inbox.testmail.app,Test,User 395
rahul.396@inbox.testmail.app,Test,User 396
rahul.397@inbox.testmail.app,Test,User 397
rahul.398@inbox.testmail.app,Test,User 398
rahul.399@inbox.testmail.app,Test,User 399
rahul.400@inbox.testmail.app,Test,User 400
rahul.401@inbox.testmail.app,Test,User 401
rahul.402@inbox.testmail.app,Test,User 402
rahul.403@inbox.testmail.app,Test,User 403
rahul.404@inbox.testmail.app,Test,User 404
rahul.405@inbox.testmail.app,Test,User 405
rahul.406@inbox.testmail.app,Test,User 406
rahul.407@inbox.testmail.app,Test,User 407
rahul.408@inbox.testmail.app,Test,User 408
rahul.409@inbox.testmail.app,Test,User 409
rahul.410@inbox.testmail.app,Test,User 410
rahul.411@inbox.testmail.app,Test,User 411
rahul.412@inbox.testmail.app,Test,User 412
rahul.413@inbox.testmail.app,Test,User 413
rahul.414@inbox.testmail.app,Test,User 414
rahul.415@inbox.testmail.app,Test,User 415
rahul.416@inbox.testmail.app,Test,User 416
rahul.417@inbox.testmail.app,Test,User 417
rahul.418@inbox.testmail.app,Test,User 418
rahul.419@inbox.testmail.app,Test,User 419
rahul.420@inbox.testmail.app,Test,User 420
rahul.421@inbox.testmail.app,Test,User 421
rahul.422@inbox.testmail.app,Test,User 422
rahul.423@inbox.testmail.app,Test,User 423
rahul.424@inbox.testmail.app,Test,User 424
rahul.425@inbox.testmail.app,Test,User 425
rahul.426@inbox.testmail.app,Test,User 426
rahul.427@inbox.testmail.app,Test,User 427
rahul.428@inbox.testmail.app,Test,User 428
rahul.429@inbox.testmail.app,Test,User 429
rahul.430@inbox.testmail.app,Test,User 430
rahul.431@inbox.testmail.app,Test,User 431
rahul.432@inbox.testmail.app,Test,User 432
rahul.433@inbox.testmail.app,Test,User 433
rahul.434@inbox.testmail.app,Test,User 434
rahul.435@inbox.testmail.app,Test,User 435
rahul.436@inbox.testmail.app,Test,User 436
rahul.437@inbox.testmail.app,Test,User 437
rahul.438@inbox.testmail.app,Test,User 438
rahul.439@inbox.testmail.app,Test,User 439
rahul.440@inbox.testmail.app,Test,User 440
rahul.441@inbox.testmail.app,Test,User 441
rahul.442@inbox.testmail.app,Test,User 442
rahul.443@inbox.testmail.app,Test,User 443
rahul.444@inbox.testmail.app,Test,User 444
rahul.445@inbox.testmail.app,Test,User 445
rahul.446@inbox.testmail.app,Test,User 446
rahul.447@inbox.testmail.app,Test,User 447
rahul.448@inbox.testmail.app,Test,User 448
rahul.449@inbox.testmail.app,Test,User 449
rahul.450@inbox.testmail.app,Test,User 450
rahul.451@inbox.testmail.app,Test,User 451
rahul.452@inbox.testmail.app,Test,User 452
rahul.453@inbox.testmail.app,Test,User 453
rahul.454@inbox.testmail.app,Test,User 454
rahul.455@inbox.testmail.app,Test,User 455
rahul.456@inbox.testmail.app,Test,User 456
rahul.457@inbox.testmail.app,Test,User 457
rahul.458@inbox.testmail.app,Test,User 458
rahul.459@inbox.testmail.app,Test,User 459
rahul.460@inbox.testmail.app,Test,User 460
rahul.461@inbox.testmail.app,Test,User 461
rahul.462@inbox.testmail.app,Test,User 462
rahul.463@inbox.testmail.app,Test,User 463
rahul.464@inbox.testmail.app,Test,User 464
rahul.465@inbox.testmail.app,Test,User 465
rahul.466@inbox.testmail.app,Test,User 466
rahul.467@inbox.testmail.app,Test,User 467
rahul.468@inbox.testmail.app,Test,User 468
rahul.469@inbox.testmail.app,Test,User 469
rahul.470@inbox.testmail.app,Test,User 470
rahul.471@inbox.testmail.app,Test,User 471
rahul.472@inbox.testmail.app,Test,User 472
rahul.473@inbox.testmail.app,Test,User 473
rahul.474@inbox.testmail.app,Test,User 474
rahul.475@inbox.testmail.app,Test,User 475
rahul.476@inbox.testmail.app,Test,User 476
rahul.477@inbox.testmail.app,Test,User 477
rahul.478@inbox.testmail.app,Test,User 478
rahul.479@inbox.testmail.app,Test,User 479
rahul.480@inbox.testmail.app,Test,User 480
rahul.481@inbox.testmail.app,Test,User 481
rahul.482@inbox.testmail.app,Test,User 482
rahul.483@inbox.testmail.app,Test,User 483
rahul.484@inbox.testmail.app,Test,User 484
rahul.485@inbox.testmail.app,Test,User 485
rahul.486@inbox.testmail.app,Test,User 486
rahul.487@inbox.testmail.app,Test,User 487
rahul.488@inbox.testmail.app,Test,User 488
rahul.489@inbox.testmail.app,Test,User 489
rahul.490@inbox.testmail.app,Test,User 490
rahul.491@inbox.testmail.app,Test,User 491
rahul.492@inbox.testmail.app,Test,User 492
rahul.493@inbox.testmail.app,Test,User 493
rahul.494@inbox.testmail.app,Test,User 494
rahul.495@inbox.testmail.app,Test,User 495
rahul.496@inbox.testmail.app,Test,User 496
rahul.497@inbox.testmail.app,Test,User 497
rahul.498@inbox.testmail.app,Test,User 498
rahul.499@inbox.testmail.app,Test,User 499
rahul.500@inbox.testmail.app,Test,User 500
rahul.501@inbox.testmail.app,Test,User 501
rahul.502@inbox.testmail.app,Test,User 502
rahul.503@inbox.testmail.app,Test,User 503
rahul.504@inbox.testmail.app,Test,User 504
rahul.505@inbox.testmail.app,Test,User 505
rahul.506@inbox.testmail.app,Test,User 506
rahul.507@inbox.testmail.app,Test,User 507
rahul.508@inbox.testmail.app,Test,User 508
rahul.509@inbox.testmail.app,Test,User 509
rahul.510@inbox.testmail.app,Test,User 510
rahul.511@inbox.testmail.app,Test,User 511
rahul.512@inbox.testmail.app,Test,User 512
rahul.513@inbox.testmail.app,Test,User 513
rahul.514@inbox.testmail.app,Test,User 514
rahul.515@inbox.testmail.app,Test,User 515
rahul.516@inbox.testmail.app,Test,User 516
rahul.517@inbox.testmail.app,Test,User 517
rahul.518@inbox.testmail.app,Test,User 518
rahul.519@inbox.testmail.app,Test,User 519
rahul.520@inbox.testmail.app,Test,User 520
rahul.521@inbox.testmail.app,Test,User 521
rahul.522@inbox.testmail.app,Test,User 522
rahul.523@inbox.testmail.app,Test,User 523
rahul.524@inbox.testmail.app,Test,User 524
rahul.525@inbox.testmail.app,Test,User 525
rahul.526@inbox.testmail.app,Test,User 526
rahul.527@inbox.testmail.app,Test,User 527
rahul.528@inbox.testmail.app,Test,User 528
rahul.529@inbox.testmail.app,Test,User 529
rahul.530@inbox.testmail.app,Test,User 530
rahul.531@inbox.testmail.app,Test,User 531
rahul.532@inbox.testmail.app,Test,User 532
rahul.533@inbox.testmail.app,Test,User 533
rahul.534@inbox.testmail.app,Test,User 534
rahul.535@inbox.testmail.app,Test,User 535
rahul.536@inbox.testmail.app,Test,User 536
rahul.537@inbox.testmail.app,Test,User 537
rahul.538@inbox.testmail.app,Test,User 538
rahul.539@inbox.testmail.app,Test,User 539
rahul.540@inbox.testmail.app,Test,User 540
rahul.541@inbox.testmail.app,Test,User 541
rahul.542@inbox.testmail.app,Test,User 542
rahul.543@inbox.testmail.app,Test,User 543
rahul.544@inbox.testmail.app,Test,User 544
rahul.545@inbox.testmail.app,Test,User 545
rahul.546@inbox.testmail.app,Test,User 546
rahul.547@inbox.testmail.app,Test,User 547
rahul.548@inbox.testmail.app,Test,User 548
rahul.549@inbox.testmail.app,Test,User 549
rahul.550@inbox.testmail.app,Test,User 550
rahul.551@inbox.testmail.app,Test,User 551
rahul.552@inbox.testmail.app,Test,User 552
rahul.553@inbox.testmail.app,Test,User 553
rahul.554@inbox.testmail.app,Test,User 554
rahul.555@inbox.testmail.app,Test,User 555
rahul.556@inbox.testmail.app,Test,User 556
rahul.557@inbox.testmail.app,Test,User 557
rahul.558@inbox.testmail.app,Test,User 558
rahul.559@inbox.testmail.app,Test,User 559
rahul.560@inbox.testmail.app,Test,User 560
rahul.561@inbox.testmail.app,Test,User 561
rahul.562@inbox.testmail.app,Test,User 562
rahul.563@inbox.testmail.app,Test,User 563
rahul.564@inbox.testmail.app,Test,User 564
rahul.565@inbox.testmail.app,Test,User 565
rahul.566@inbox.testmail.app,Test,User 566
rahul.567@inbox.testmail.app,Test,User 567
rahul.568@inbox.testmail.app,Test,User 568
rahul.569@inbox.testmail.app,Test,User 569
rahul.570@inbox.testmail.app,Test,User 570
rahul.571@inbox.testmail.app,Test,User 571
rahul.572@inbox.testmail.app,Test,User 572
rahul.573@inbox.testmail.app,Test,User 573
rahul.574@inbox.testmail.app,Test,User 574
rahul.575@inbox.testmail.app,Test,User 575
rahul.576@inbox.testmail.app,Test,User 576
rahul.577@inbox.testmail.app,Test,User 577
rahul.578@inbox.testmail.app,Test,User 578
rahul.579@inbox.testmail.app,Test,User 579
rahul.580@inbox.testmail.app,Test,User 580
rahul.581@inbox.testmail.app,Test,User 581
rahul.582@inbox.testmail.app,Test,User 582
rahul.583@inbox.testmail.app,Test,User 583
rahul.584@inbox.testmail.app,Test,User 584
rahul.585@inbox.testmail.app,Test,User 585
rahul.586@inbox.testmail.app,Test,User 586
rahul.587@inbox.testmail.app,Test,User 587
rahul.588@inbox.testmail.app,Test,User 588
rahul.589@inbox.testmail.app,Test,User 589
rahul.590@inbox.testmail.app,Test,User 590
rahul.591@inbox.testmail.app,Test,User 591
rahul.592@inbox.testmail.app,Test,User 592
rahul.593@inbox.testmail.app,Test,User 593
rahul.594@inbox.testmail.app,Test,User 594
rahul.595@inbox.testmail.app,Test,User 595
rahul.596@inbox.testmail.app,Test,User 596
rahul.597@inbox.testmail.app,Test,User 597
rahul.598@inbox.testmail.app,Test,User 598
rahul.599@inbox.testmail.app,Test,User 599
rahul.600@inbox.testmail.app,Test,User 600
rahul.601@inbox.testmail.app,Test,User 601
rahul.602@inbox.testmail.app,Test,User 602
rahul.603@inbox.testmail.app,Test,User 603
rahul.604@inbox.testmail.app,Test,User 604
rahul.605@inbox.testmail.app,Test,User 605
rahul.606@inbox.testmail.app,Test,User 606
rahul.607@inbox.testmail.app,Test,User 607
rahul.608@inbox.testmail.app,Test,User 608
rahul.609@inbox.testmail.app,Test,User 609
rahul.610@inbox.testmail.app,Test,User 610
rahul.611@inbox.testmail.app,Test,User 611
rahul.612@inbox.testmail.app,Test,User 612
rahul.613@inbox.testmail.app,Test,User 613
rahul.614@inbox.testmail.app,Test,User 614
rahul.615@inbox.testmail.app,Test,User 615
rahul.616@inbox.testmail.app,Test,User 616
rahul.617@inbox.testmail.app,Test,User 617
rahul.618@inbox.testmail.app,Test,User 618
rahul.619@inbox.testmail.app,Test,User 619
rahul.620@inbox.testmail.app,Test,User 620
rahul.621@inbox.testmail.app,Test,User 621
rahul.622@inbox.testmail.app,Test,User 622
rahul.623@inbox.testmail.app,Test,User 623
rahul.624@inbox.testmail.app,Test,User 624
rahul.625@inbox.testmail.app,Test,User 625
rahul.626@inbox.testmail.app,Test,User 626
rahul.627@inbox.testmail.app,Test,User 627
rahul.628@inbox.testmail.app,Test,User 628
rahul.629@inbox.testmail.app,Test,User 629
rahul.630@inbox.testmail.app,Test,User 630
rahul.631@inbox.testmail.app,Test,User 631
rahul.632@inbox.testmail.app,Test,User 632
rahul.633@inbox.testmail.app,Test,User 633
rahul.634@inbox.testmail.app,Test,User 634
rahul.635@inbox.testmail.app,Test,User 635
rahul.636@inbox.testmail.app,Test,User 636
rahul.637@inbox.testmail.app,Test,User 637
rahul.638@inbox.testmail.app,Test,User 638
rahul.639@inbox.testmail.app,Test,User 639
rahul.640@inbox.testmail.app,Test,User 640
rahul.641@inbox.testmail.app,Test,User 641
rahul.642@inbox.testmail.app,Test,User 642
rahul.643@inbox.testmail.app,Test,User 643
rahul.644@inbox.testmail.app,Test,User 644
rahul.645@inbox.testmail.app,Test,User 645
rahul.646@inbox.testmail.app,Test,User 646
rahul.647@inbox.testmail.app,Test,User 647
rahul.648@inbox.testmail.app,Test,User 648
rahul.649@inbox.testmail.app,Test,User 649
rahul.650@inbox.testmail.app,Test,User 650
rahul.651@inbox.testmail.app,Test,User 651
rahul.652@inbox.testmail.app,Test,User 652
rahul.653@inbox.testmail.app,Test,User 653
rahul.654@inbox.testmail.app,Test,User 654
rahul.655@inbox.testmail.app,Test,User 655
rahul.656@inbox.testmail.app,Test,User 656
rahul.657@inbox.testmail.app,Test,User 657
rahul.658@inbox.testmail.app,Test,User 658
rahul.659@inbox.testmail.app,Test,User 659
rahul.660@inbox.testmail.app,Test,User 660
rahul.661@inbox.testmail.app,Test,User 661
rahul.662@inbox.testmail.app,Test,User 662
rahul.663@inbox.testmail.app,Test,User 663
rahul.664@inbox.testmail.app,Test,User 664
rahul.665@inbox.testmail.app,Test,User 665
rahul.666@inbox.testmail.app,Test,User 666
rahul.667@inbox.testmail.app,Test,User 667
rahul.668@inbox.testmail.app,Test,User 668
rahul.669@inbox.testmail.app,Test,User 669
rahul.670@inbox.testmail.app,Test,User 670
rahul.671@inbox.testmail.app,Test,User 671
rahul.672@inbox.testmail.app,Test,User 672
rahul.673@inbox.testmail.app,Test,User 673
rahul.674@inbox.testmail.app,Test,User 674
rahul.675@inbox.testmail.app,Test,User 675
rahul.676@inbox.testmail.app,Test,User 676
rahul.677@inbox.testmail.app,Test,User 677
rahul.678@inbox.testmail.app,Test,User 678
rahul.679@inbox.testmail.app,Test,User 679
rahul.680@inbox.testmail.app,Test,User 680
rahul.681@inbox.testmail.app,Test,User 681
rahul.682@inbox.testmail.app,Test,User 682
rahul.683@inbox.testmail.app,Test,User 683
rahul.684@inbox.testmail.app,Test,User 684
rahul.685@inbox.testmail.app,Test,User 685
rahul.686@inbox.testmail.app,Test,User 686
rahul.687@inbox.testmail.app,Test,User 687
rahul.688@inbox.testmail.app,Test,User 688
rahul.689@inbox.testmail.app,Test,User 689
rahul.690@inbox.testmail.app,Test,User 690
rahul.691@inbox.testmail.app,Test,User 691
rahul.692@inbox.testmail.app,Test,User 692
rahul.693@inbox.testmail.app,Test,User 693
rahul.694@inbox.testmail.app,Test,User 694
rahul.695@inbox.testmail.app,Test,User 695
rahul.696@inbox.testmail.app,Test,User 696
rahul.697@inbox.testmail.app,Test,User 697
rahul.698@inbox.testmail.app,Test,User 698
rahul.699@inbox.testmail.app,Test,User 699
rahul.700@inbox.testmail.app,Test,User 700
rahul.701@inbox.testmail.app,Test,User 701
rahul.702@inbox.testmail.app,Test,User 702
rahul.703@inbox.testmail.app,Test,User 703
rahul.704@inbox.testmail.app,Test,User 704
rahul.705@inbox.testmail.app,Test,User 705
rahul.706@inbox.testmail.app,Test,User 706
rahul.707@inbox.testmail.app,Test,User 707
rahul.708@inbox.testmail.app,Test,User 708
rahul.709@inbox.testmail.app,Test,User 709
rahul.710@inbox.testmail.app,Test,User 710
rahul.711@inbox.testmail.app,Test,User 711
rahul.712@inbox.testmail.app,Test,User 712
rahul.713@inbox.testmail.app,Test,User 713
rahul.714@inbox.testmail.app,Test,User 714
rahul.715@inbox.testmail.app,Test,User 715
rahul.716@inbox.testmail.app,Test,User 716
rahul.717@inbox.testmail.app,Test,User 717
rahul.718@inbox.testmail.app,Test,User 718
rahul.719@inbox.testmail.app,Test,User 719
rahul.720@inbox.testmail.app,Test,User 720
rahul.721@inbox.testmail.app,Test,User 721
rahul.722@inbox.testmail.app,Test,User 722
rahul.723@inbox.testmail.app,Test,User 723
rahul.724@inbox.testmail.app,Test,User 724
rahul.725@inbox.testmail.app,Test,User 725
rahul.726@inbox.testmail.app,Test,User 726
rahul.727@inbox.testmail.app,Test,User 727
rahul.728@inbox.testmail.app,Test,User 728
rahul.729@inbox.testmail.app,Test,User 729
rahul.730@inbox.testmail.app,Test,User 730
rahul.731@inbox.testmail.app,Test,User 731
rahul.732@inbox.testmail.app,Test,User 732
rahul.733@inbox.testmail.app,Test,User 733
rahul.734@inbox.testmail.app,Test,User 734
rahul.735@inbox.testmail.app,Test,User 735
rahul.736@inbox.testmail.app,Test,User 736
rahul.737@inbox.testmail.app,Test,User 737
rahul.738@inbox.testmail.app,Test,User 738
rahul.739@inbox.testmail.app,Test,User 739
rahul.740@inbox.testmail.app,Test,User 740
rahul.741@inbox.testmail.app,Test,User 741
rahul.742@inbox.testmail.app,Test,User 742
rahul.743@inbox.testmail.app,Test,User 743
rahul.744@inbox.testmail.app,Test,User 744
rahul.745@inbox.testmail.app,Test,User 745
rahul.746@inbox.testmail.app,Test,User 746
rahul.747@inbox.testmail.app,Test,User 747
rahul.748@inbox.testmail.app,Test,User 748
rahul.749@inbox.testmail.app,Test,User 749
rahul.750@inbox.testmail.app,Test,User 750
rahul.751@inbox.testmail.app,Test,User 751
rahul.752@inbox.testmail.app,Test,User 752
rahul.753@inbox.testmail.app,Test,User 753
rahul.754@inbox.testmail.app,Test,User 754
rahul.755@inbox.testmail.app,Test,User 755
rahul.756@inbox.testmail.app,Test,User 756
rahul.757@inbox.testmail.app,Test,User 757
rahul.758@inbox.testmail.app,Test,User 758
rahul.759@inbox.testmail.app,Test,User 759
rahul.760@inbox.testmail.app,Test,User 760
rahul.761@inbox.testmail.app,Test,User 761
rahul.762@inbox.testmail.app,Test,User 762
rahul.763@inbox.testmail.app,Test,User 763
rahul.764@inbox.testmail.app,Test,User 764
rahul.765@inbox.testmail.app,Test,User 765
rahul.766@inbox.testmail.app,Test,User 766
rahul.767@inbox.testmail.app,Test,User 767
rahul.768@inbox.testmail.app,Test,User 768
rahul.769@inbox.testmail.app,Test,User 769
rahul.770@inbox.testmail.app,Test,User 770
rahul.771@inbox.testmail.app,Test,User 771
rahul.772@inbox.testmail.app,Test,User 772
rahul.773@inbox.testmail.app,Test,User 773
rahul.774@inbox.testmail.app,Test,User 774
rahul.775@inbox.testmail.app,Test,User 775
rahul.776@inbox.testmail.app,Test,User 776
rahul.777@inbox.testmail.app,Test,User 777
rahul.778@inbox.testmail.app,Test,User 778
rahul.779@inbox.testmail.app,Test,User 779
rahul.780@inbox.testmail.app,Test,User 780
rahul.781@inbox.testmail.app,Test,User 781
rahul.782@inbox.testmail.app,Test,User 782
rahul.783@inbox.testmail.app,Test,User 783
rahul.784@inbox.testmail.app,Test,User 784
rahul.785@inbox.testmail.app,Test,User 785
rahul.786@inbox.testmail.app,Test,User 786
rahul.787@inbox.testmail.app,Test,User 787
rahul.788@inbox.testmail.app,Test,User 788
rahul.789@inbox.testmail.app,Test,User 789
rahul.790@inbox.testmail.app,Test,User 790
rahul.791@inbox.testmail.app,Test,User 791
rahul.792@inbox.testmail.app,Test,User 792
rahul.793@inbox.testmail.app,Test,User 793
rahul.794@inbox.testmail.app,Test,User 794
rahul.795@inbox.testmail.app,Test,User 795
rahul.796@inbox.testmail.app,Test,User 796
rahul.797@inbox.testmail.app,Test,User 797
rahul.798@inbox.testmail.app,Test,User 798
rahul.799@inbox.testmail.app,Test,User 799
rahul.800@inbox.testmail.app,Test,User 800
rahul.801@inbox.testmail.app,Test,User 801
rahul.802@inbox.testmail.app,Test,User 802
rahul.803@inbox.testmail.app,Test,User 803
rahul.804@inbox.testmail.app,Test,User 804
rahul.805@inbox.testmail.app,Test,User 805
rahul.806@inbox.testmail.app,Test,User 806
rahul.807@inbox.testmail.app,Test,User 807
rahul.808@inbox.testmail.app,Test,User 808
rahul.809@inbox.testmail.app,Test,User 809
rahul.810@inbox.testmail.app,Test,User 810
rahul.811@inbox.testmail.app,Test,User 811
rahul.812@inbox.testmail.app,Test,User 812
rahul.813@inbox.testmail.app,Test,User 813
rahul.814@inbox.testmail.app,Test,User 814
rahul.815@inbox.testmail.app,Test,User 815
rahul.816@inbox.testmail.app,Test,User 816
rahul.817@inbox.testmail.app,Test,User 817
rahul.818@inbox.testmail.app,Test,User 818
rahul.819@inbox.testmail.app,Test,User 819
rahul.820@inbox.testmail.app,Test,User 820
rahul.821@inbox.testmail.app,Test,User 821
rahul.822@inbox.testmail.app,Test,User 822
rahul.823@inbox.testmail.app,Test,User 823
rahul.824@inbox.testmail.app,Test,User 824
rahul.825@inbox.testmail.app,Test,User 825
rahul.826@inbox.testmail.app,Test,User 826
rahul.827@inbox.testmail.app,Test,User 827
rahul.828@inbox.testmail.app,Test,User 828
rahul.829@inbox.testmail.app,Test,User 829
rahul.830@inbox.testmail.app,Test,User 830
rahul.831@inbox.testmail.app,Test,User 831
rahul.832@inbox.testmail.app,Test,User 832
rahul.833@inbox.testmail.app,Test,User 833
rahul.834@inbox.testmail.app,Test,User 834
rahul.835@inbox.testmail.app,Test,User 835
rahul.836@inbox.testmail.app,Test,User 836
rahul.837@inbox.testmail.app,Test,User 837
rahul.838@inbox.testmail.app,Test,User 838
rahul.839@inbox.testmail.app,Test,User 839
rahul.840@inbox.testmail.app,Test,User 840
rahul.841@inbox.testmail.app,Test,User 841
rahul.842@inbox.testmail.app,Test,User 842
rahul.843@inbox.testmail.app,Test,User 843
rahul.844@inbox.testmail.app,Test,User 844
rahul.845@inbox.testmail.app,Test,User 845
rahul.846@inbox.testmail.app,Test,User 846
rahul.847@inbox.testmail.app,Test,User 847
rahul.848@inbox.testmail.app,Test,User 848
rahul.849@inbox.testmail.app,Test,User 849
rahul.850@inbox.testmail.app,Test,User 850
rahul.851@inbox.testmail.app,Test,User 851
rahul.852@inbox.testmail.app,Test,User 852
rahul.853@inbox.testmail.app,Test,User 853
rahul.854@inbox.testmail.app,Test,User 854
rahul.855@inbox.testmail.app,Test,User 855
rahul.856@inbox.testmail.app,Test,User 856
rahul.857@inbox.testmail.app,Test,User 857
rahul.858@inbox.testmail.app,Test,User 858
rahul.859@inbox.testmail.app,Test,User 859
rahul.860@inbox.testmail.app,Test,User 860
rahul.861@inbox.testmail.app,Test,User 861
rahul.862@inbox.testmail.app,Test,User 862
rahul.863@inbox.testmail.app,Test,User 863
rahul.864@inbox.testmail.app,Test,User 864
rahul.865@inbox.testmail.app,Test,User 865
rahul.866@inbox.testmail.app,Test,User 866
rahul.867@inbox.testmail.app,Test,User 867
rahul.868@inbox.testmail.app,Test,User 868
rahul.869@inbox.testmail.app,Test,User 869
rahul.870@inbox.testmail.app,Test,User 870
rahul.871@inbox.testmail.app,Test,User 871
rahul.872@inbox.testmail.app,Test,User 872
rahul.873@inbox.testmail.app,Test,User 873
rahul.874@inbox.testmail.app,Test,User 874
rahul.875@inbox.testmail.app,Test,User 875
rahul.876@inbox.testmail.app,Test,User 876
rahul.877@inbox.testmail.app,Test,User 877
rahul.878@inbox.testmail.app,Test,User 878
rahul.879@inbox.testmail.app,Test,User 879
rahul.880@inbox.testmail.app,Test,User 880
rahul.881@inbox.testmail.app,Test,User 881
rahul.882@inbox.testmail.app,Test,User 882
rahul.883@inbox.testmail.app,Test,User 883
rahul.884@inbox.testmail.app,Test,User 884
rahul.885@inbox.testmail.app,Test,User 885
rahul.886@inbox.testmail.app,Test,User 886
rahul.887@inbox.testmail.app,Test,User 887
rahul.888@inbox.testmail.app,Test,User 888
rahul.889@inbox.testmail.app,Test,User 889
rahul.890@inbox.testmail.app,Test,User 890
rahul.891@inbox.testmail.app,Test,User 891
rahul.892@inbox.testmail.app,Test,User 892
rahul.893@inbox.testmail.app,Test,User 893
rahul.894@inbox.testmail.app,Test,User 894
rahul.895@inbox.testmail.app,Test,User 895
rahul.896@inbox.testmail.app,Test,User 896
rahul.897@inbox.testmail.app,Test,User 897
rahul.898@inbox.testmail.app,Test,User 898
rahul.899@inbox.testmail.app,Test,User 899
rahul.900@inbox.testmail.app,Test,User 900
rahul.901@inbox.testmail.app,Test,User 901
rahul.902@inbox.testmail.app,Test,User 902
rahul.903@inbox.testmail.app,Test,User 903
rahul.904@inbox.testmail.app,Test,User 904
rahul.905@inbox.testmail.app,Test,User 905
rahul.906@inbox.testmail.app,Test,User 906
rahul.907@inbox.testmail.app,Test,User 907
rahul.908@inbox.testmail.app,Test,User 908
rahul.909@inbox.testmail.app,Test,User 909
rahul.910@inbox.testmail.app,Test,User 910
rahul.911@inbox.testmail.app,Test,User 911
rahul.912@inbox.testmail.app,Test,User 912
rahul.913@inbox.testmail.app,Test,User 913
rahul.914@inbox.testmail.app,Test,User 914
rahul.915@inbox.testmail.app,Test,User 915
rahul.916@inbox.testmail.app,Test,User 916
rahul.917@inbox.testmail.app,Test,User 917
rahul.918@inbox.testmail.app,Test,User 918
rahul.919@inbox.testmail.app,Test,User 919
rahul.920@inbox.testmail.app,Test,User 920
rahul.921@inbox.testmail.app,Test,User 921
rahul.922@inbox.testmail.app,Test,User 922
rahul.923@inbox.testmail.app,Test,User 923
rahul.924@inbox.testmail.app,Test,User 924
rahul.925@inbox.testmail.app,Test,User 925
rahul.926@inbox.testmail.app,Test,User 926
rahul.927@inbox.testmail.app,Test,User 927
rahul.928@inbox.testmail.app,Test,User 928
rahul.929@inbox.testmail.app,Test,User 929
rahul.930@inbox.testmail.app,Test,User 930
rahul.931@inbox.testmail.app,Test,User 931
rahul.932@inbox.testmail.app,Test,User 932
rahul.933@inbox.testmail.app,Test,User 933
rahul.934@inbox.testmail.app,Test,User 934
rahul.935@inbox.testmail.app,Test,User 935
rahul.936@inbox.testmail.app,Test,User 936
rahul.937@inbox.testmail.app,Test,User 937
rahul.938@inbox.testmail.app,Test,User 938
rahul.939@inbox.testmail.app,Test,User 939
rahul.940@inbox.testmail.app,Test,User 940
rahul.941@inbox.testmail.app,Test,User 941
rahul.942@inbox.testmail.app,Test,User 942
rahul.943@inbox.testmail.app,Test,User 943
rahul.944@inbox.testmail.app,Test,User 944
rahul.945@inbox.testmail.app,Test,User 945
rahul.946@inbox.testmail.app,Test,User 946
rahul.947@inbox.testmail.app,Test,User 947
rahul.948@inbox.testmail.app,Test,User 948
rahul.949@inbox.testmail.app,Test,User 949
rahul.950@inbox.testmail.app,Test,User 950
rahul.951@inbox.testmail.app,Test,User 951
rahul.952@inbox.testmail.app,Test,User 952
rahul.953@inbox.testmail.app,Test,User 953
rahul.954@inbox.testmail.app,Test,User 954
rahul.955@inbox.testmail.app,Test,User 955
rahul.956@inbox.testmail.app,Test,User 956
rahul.957@inbox.testmail.app,Test,User 957
rahul.958@inbox.testmail.app,Test,User 958
rahul.959@inbox.testmail.app,Test,User 959
rahul.960@inbox.testmail.app,Test,User 960
rahul.961@inbox.testmail.app,Test,User 961
rahul.962@inbox.testmail.app,Test,User 962
rahul.963@inbox.testmail.app,Test,User 963
rahul.964@inbox.testmail.app,Test,User 964
rahul.965@inbox.testmail.app,Test,User 965
rahul.966@inbox.testmail.app,Test,User 966
rahul.967@inbox.testmail.app,Test,User 967
rahul.968@inbox.testmail.app,Test,User 968
rahul.969@inbox.testmail.app,Test,User 969
rahul.970@inbox.testmail.app,Test,User 970
rahul.971@inbox.testmail.app,Test,User 971
rahul.972@inbox.testmail.app,Test,User 972
rahul.973@inbox.testmail.app,Test,User 973
rahul.974@inbox.testmail.app,Test,User 974
rahul.975@inbox.testmail.app,Test,User 975
rahul.976@inbox.testmail.app,Test,User 976
rahul.977@inbox.testmail.app,Test,User 977
rahul.978@inbox.testmail.app,Test,User 978
rahul.979@inbox.testmail.app,Test,User 979
rahul.980@inbox.testmail.app,Test,User 980
rahul.981@inbox.testmail.app,Test,User 981
rahul.982@inbox.testmail.app,Test,User 982
rahul.983@inbox.testmail.app,Test,User 983
rahul.984@inbox.testmail.app,Test,User 984
rahul.985@inbox.testmail.app,Test,User 985
rahul.986@inbox.testmail.app,Test,User 986
rahul.987@inbox.testmail.app,Test,User 987
rahul.988@inbox.testmail.app,Test,User 988
rahul.989@inbox.testmail.app,Test,User 989
rahul.990@inbox.testmail.app,Test,User 990
rahul.991@inbox.testmail.app,Test,User 991
rahul.992@inbox.testmail.app,Test,User 992
rahul.993@inbox.testmail.app,Test,User 993
rahul.994@inbox.testmail.app,Test,User 994
rahul.995@inbox.testmail.app,Test,User 995
rahul.996@inbox.testmail.app,Test,User 996
rahul.997@inbox.testmail.app,Test,User 997
rahul.998@inbox.testmail.app,Test,User 998
rahul.999@inbox.testmail.app,Test,User 999
rahul.1000@inbox.testmail.app,Test,User 1000
